pname,society,price_outer,price_per_sqft,possesion,description,Area,Configuration,Price,Address,Floor Number,Overlooking,Property Age,furnishing,features,ratings,Facing,Possession in
"3 BHK Flat in Kolar Road, Bhopal",Aadhhaar Symphony,₹42 Lac,"₹2,470 /sqft",Ready To Move,"Property description: - Its a residential flat Super built-Up area 1700 sq.Ft. Selling price- 42 lac. Accommodation 3 bedroom, d/d, kitchen , 3 balcony , Toilets 3 toilet Floor 5th & 7th floor Furnishing status un-Furnished J.K. Hospital 7.8 km D-Mart kolar -4.3 km Rani kamlapati railway station 13.6 km Isbt bus stand -13.6 km Brokerage percentage 2% Location aadhar symphony Locality kolar road Property code -172 Note: For more properties you can see our whatsapp catalogue","Super Built up area 1700
(157.94 sq.m.)  
sq.ft.","3 Bedrooms , 3 Bathrooms, 3 Balconies","₹ 42 Lac+ Govt Charges & Tax
@ 2,470 per sq.ft. (All inclusive) View Price Details","Aadhhaar Symphony
Kolar Road, Bhopal",5th   of 10 Floors,Others,1 to 5 Year Old,[],"['Lift(s)', 'Park', 'Natural Light', 'Airy Rooms']","[{'': ''}, {'': ''}, {'': ''}, {'': ''}]",,
"2 BHK Flat in Katara, Bhopal",Spring Valley,₹19 Lac,"₹2,533 /sqft",Ready To Move,"Property description: - Its a residential flat Super built-Up area 750 Selling price- 19 lac. Accommodation 2 bedroom, d/d, kitchen, 1 balcony Toilets 2 toilet (1 attached) Floor 1st floor Furnishing status modular kitchen Feature covered campus, garden, campus on city bus route, Aiims bhopal 5.5 km Ashima mall 7 km Rani kamlapati railway station 8.5 km Brokerage percentage 2% Location spring valley Locality katara hills Property code -18 Loan facility available Note: For more properties you can see our whatsapp catalogue","Super Built up area 750
(69.68 sq.m.)  
sq.ft.","2 Bedrooms , 2 Bathrooms, 1 Balcony","₹ 19 Lac
@ 2,533 per sq.ft. View Price Details","Spring Valley
Katara, Bhopal",1st   of 2 Floors,Others,10+ Year Old,"['1 Modular Kitchen', 'No AC', 'No Bed', 'No Chimney', 'No Curtains', 'No Dining Table', 'No Exhaust Fan', 'No Fan', 'No Geyser', 'No Light', 'No Microwave', 'No Fridge', 'No Sofa', 'No Stove', 'No TV', 'No Wardrobe', 'No Washing Machine', 'No Water Purifier']",['Visitor Parking'],[],North,
"1 BHK Flat in Mandideep, Bhopal",Udhyogpuri Apartment,₹25 Lac,"₹5,555 /sqft",Ready To Move,"We are the proud owners of this 1 bhk apartment available in udhyogpuri apartment, mandideep, bhopal. This it is a and the unit is located on 1st floor and has a super built-Up area of 450 sq.Ft. . It has 1 bathroom(s) and 1 balcony(s). The ownership is freehold type.","Super Built up area 450
(41.81 sq.m.)  
sq.ft.","1 Bedroom , 1 Bathroom, 1 Balcony","₹ 25 Lac
@ 5,555 per sq.ft.","Udhyogpuri Apartment
Mandideep, Bhopal",1st   of 4 Floors,,5 to 10 Year Old,[],[],"[{'': ''}, {'': ''}, {'': ''}, {'': ''}]",,
"2 BHK Flat in Katara Hills, Bhopal",Agrawal Sagar Golden Palm,₹30 Lac,"₹3,000 /sqft",Ready To Move,"We are the proud owners of this 2 bhk apartment available in agrawal sagar golden palm, katara hills, bhopal. This it is a and the unit is located on 2nd floor and has a super built-Up area of 1000 sq.Ft. . It has 2 bathroom(s) and 1 balcony(s). The ownership is freehold type.","Super Built up area 1000
(92.9 sq.m.)  
sq.ft.","2 Bedrooms , 2 Bathrooms, 1 Balcony","₹ 30 Lac
@ 3,000 per sq.ft.","Agrawal Sagar Golden Palm
Katara Hills, Bhopal",2nd   of 7 Floors,,5 to 10 Year Old,[],[],"[{'': ''}, {'': ''}, {'': ''}, {'': ''}]",,
"3 BHK Flat in Shiv Sangam Nagar, Bhopal",Soumya Parklands,₹30 Lac,"₹2,661 /sqft",Ready To Move,"East facing, covered campus,alloted covered parking,","Built Up area: 1127
(104.7 sq.m.)
Carpet area: 783 sq.ft. (72.74 sq.m.)  
sq.ft.","3 Bedrooms , 2 Bathrooms, 2 Balconies","₹ 30 Lac+ Govt Charges & Tax
@ 2,661 per sq.ft. (Negotiable)","Soumya Parklands
Shiv Sangam Nagar, Bhopal",4th   of 6 Floors,,10+ Year Old,"['1 Bed', '1 Wardrobe', '1 Fan', '1 Sofa', '1 Exhaust Fan', '1 Stove', '1 Light', '1 Modular Kitchen', '1 Chimney', '1 Curtains', 'No AC', 'No Dining Table', 'No Geyser', 'No Microwave', 'No Fridge', 'No TV', 'No Washing Machine', 'No Water Purifier']","['Power Back-up', 'Feng Shui / Vaastu Compliant', 'Intercom Facility', 'Lift(s)', 'Park', 'Shopping Centre', 'Fitness Centre / GYM', 'Club house / Community Center', 'Rain Water Harvesting']","[{'': ''}, {'': ''}, {'': ''}, {'': ''}, {'': ''}]",,
"3 BHK Flat in Arera Colony, Bhopal",Sai Dev Apartment,₹45 Lac,"₹4,500 /sqft",Ready To Move,Its in posh area e7 arera colony bhopal also metro is coming by beside to our area also its ground floor by 1000 sq ft also its independent house like duplex,"Carpet area: 1000
(92.9 sq.m.)  
sq.ft.","3 Bedrooms , 2 Bathrooms, 2 Balconies","₹ 45 Lac
@ 4,500 per sq.ft. (Negotiable)","Sai Dev Apartment
Arera Colony, Bhopal",Ground of 2 Floors,,10+ Year Old,[],[],"[{'': ''}, {'': ''}, {'': ''}, {'': ''}]",,
"2 BHK Flat in Ashoka Garden, Bhopal","Glorious Tower, Samrat Colony",₹17 Lac,"₹3,238 /sqft",Ready To Move,Hi i am the property owner this property is best property and freehold ready to move . This property is very beautiful and compeletly good environment.,"Built Up area: 525
(48.77 sq.m.)  
sq.ft.","2 Bedrooms , 2 Bathrooms, 2 Balconies","₹ 17 Lac
@ 3,238 per sq.ft. (Negotiable)","Glorious Tower, Samrat Colony
Ashoka Garden, Bhopal",2nd   of 4 Floors,,1 to 5 Year Old,[],[],"[{'': ''}, {'': ''}, {'': ''}, {'': ''}]",,
"3 BHK Flat in Katara Hills, Bhopal",Signature 360,₹42 Lac,"₹3,333 /sqft",Ready To Move,"This lovely 3 bhk apartment/flat in katara hills is available for sale in one of bhopal's most popular projects, signature 360. This property faces the south-East direction. The floor plan additionally contains 3 bedroom(s), 2 bathrooms and 2 balconies. All in all, the flat is spread over a super built up area of 1260 sq.Ft. The residential building has 6 floors in total and the flat for sale is located on the 1st floor. As the project is already ready to move, so you can easily move into this 5-10 years old property. The floor of this flat is beautifully designed using vitrified flooring, giving the flat an alluring look. The society is well equipped with many modern amenities, including fitness centre / gym, club house / community center, park, lift(s) and maintenance staff. The housing society ensures a continuous supply of water to your flat from borewell/tank.","Super Built up area 1260
(117.06 sq.m.)
Built Up area: 902 sq.ft. (83.8 sq.m.)  
sq.ft.","3 Bedrooms , 2 Bathrooms, 2 Balconies","₹ 42 Lac+ Govt Charges & Tax
@ 3,333 per sq.ft. (Negotiable) View Price Details","Signature 360
Katara Hills, Bhopal",1st   of 6 Floors,"Pool,Club,Park/Garden,Main Road,Others",5 to 10 Year Old,"['5 Fan', '1 Exhaust Fan', '3 Geyser', '17 Light', '1 Curtains', '1 TV', '1 Chimney', '2 AC', '1 Modular Kitchen', '1 Bed', '3 Wardrobe', 'No Dining Table', 'No Microwave', 'No Fridge', 'No Sofa', 'No Stove', 'No Washing Machine', 'No Water Purifier']","['Lift(s)', 'Maintenance Staff', 'Water Storage', 'Park', 'Fitness Centre / GYM', 'Club house / Community Center']","[{'': ''}, {'': ''}, {'': ''}, {'': ''}, {'': ''}]",South-East,
"3 BHK Flat in Misrod, Bhopal",Shrinath Sheetal Heights,₹35 Lac,"₹2,916 /sqft",Ready To Move,"Looking for a 3 bhk property for sale in bhopal? Buy this 3 bhk flat in shrinath sheetal heights that is situated in misrod, bhopal. Containing 3 bedroom(s), 3 bathrooms and 2 balconies, this flat is spread over a carpet area of 1200 sq.Ft. The residential building has 7 floors in total and the flat for sale is located on the 2nd floor. This 1-5 years old property is available for immediate possession as the project is ready to move.","Carpet area: 1200
(111.48 sq.m.)  
sq.ft.","3 Bedrooms , 3 Bathrooms, 2 Balconies","₹ 35 Lac+ Govt Charges & Tax
@ 2,916 per sq.ft. (Negotiable)","Shrinath Sheetal Heights
Misrod, Bhopal",2nd   of 7 Floors,,1 to 5 Year Old,[],"['Security / Fire Alarm', 'Lift(s)', 'Maintenance Staff', 'Water Storage', 'Park', 'Visitor Parking']","[{'': ''}, {'': ''}, {'': ''}, {'': ''}, {'': ''}]",,
"2 BHK Flat in Gurunanak Pura, Bhopal",Bhagwan Enclave Phase 2,₹25 Lac,"₹5,555 /sqft",Ready To Move,2 bhk flat for sale and rent both purpose Centre point of bhopal Behind capital petrol pump near prabhat petrol pump,"Carpet area: 450
(41.81 sq.m.)  
sq.ft.","2 Bedrooms , 2 Bathrooms, 1 Balcony","₹ 25 Lac
@ 5,555 per sq.ft.","Bhagwan Enclave Phase 2
Gurunanak Pura, Bhopal",3rd   of 3 Floors,,10+ Year Old,"['1 Wardrobe', '1 Water Purifier', '3 Fan', '2 Light', '1 Curtains', 'No AC', 'No Bed', 'No Chimney', 'No Dining Table', 'No Exhaust Fan', 'No Geyser', 'No Modular Kitchen', 'No Microwave', 'No Fridge', 'No Sofa', 'No Stove', 'No TV', 'No Washing Machine']",['Visitor Parking'],[],East,
"3 BHK Flat in Jatkhedi, Bhopal",Shri Balaji Swastik Grand,₹40 Lac,"₹2,162 /sqft",Ready To Move,Flat for sale at hoshangabad roads prime location at affordable price,"Carpet area: 1850
(171.87 sq.m.)  
sq.ft.","3 Bedrooms , 3 Bathrooms, 2 Balconies with Study Room,Pooja Room","₹ 40 Lac+ Govt Charges & Tax
@ 2,162 per sq.ft. (Negotiable)","Shri Balaji Swastik Grand
Jatkhedi, Bhopal",4th   of 4 Floors,,1 to 5 Year Old,[],"['High Ceiling Height', 'Swimming Pool', 'Security Personnel', 'Fitness Centre / GYM', 'Club house / Community Center']",[],,
"2 BHK Flat in Airport Road, Bhopal",Indra Vihar Residency,₹25 Lac,"₹3,333 /sqft",Ready To Move,"We are the proud owners of this 2 bhk apartment available in indra vihar residency, airport road, bhopal. This it is a and the unit is located on ground floor and has a super built-Up area of 750 sq.Ft. . It has 2 bathroom(s) and 1 balcony(s). The ownership is freehold type.","Super Built up area 750
(69.68 sq.m.)  
sq.ft.","2 Bedrooms , 2 Bathrooms, 1 Balcony","₹ 25 Lac
@ 3,333 per sq.ft.","Indra Vihar Residency
Airport Road, Bhopal",Ground of 2 Floors,,10+ Year Old,[],[],"[{'': ''}, {'': ''}, {'': ''}, {'': ''}]",,
"2 BHK Flat in Sarvdharm Colony, Bhopal",Shiva Estate,₹20 Lac,"₹2,857 /sqft",Ready To Move,Covered campus . With temple and club house .,"Carpet area: 700
(65.03 sq.m.)  
sq.ft.","2 Bedrooms , 2 Bathrooms, 2 Balconies","₹ 20 Lac
@ 2,857 per sq.ft. (All inclusive, Negotiable)","Shiva Estate
Sarvdharm Colony, Bhopal",1st   of 5 Floors,,5 to 10 Year Old,"['1 Modular Kitchen', '1 Chimney', 'No AC', 'No Bed', 'No Curtains', 'No Dining Table', 'No Exhaust Fan', 'No Fan', 'No Geyser', 'No Light', 'No Microwave', 'No Fridge', 'No Sofa', 'No Stove', 'No TV', 'No Wardrobe', 'No Washing Machine', 'No Water Purifier']",[],[],,
"2 BHK Flat in Hoshangabad Road, Bhopal",Nirupam Royal Palms,₹25 Lac,"₹2,173 /sqft",Ready To Move,Wood work in both rooms and covered kitchen,"Super Built up area 1150
(106.84 sq.m.)
Carpet area: 870 sq.ft. (80.83 sq.m.)  
sq.ft.","2 Bedrooms , 1 Bathroom, 1 Balcony","₹ 25 Lac
@ 2,173 per sq.ft. View Price Details","Nirupam Royal Palms
Hoshangabad Road, Bhopal",5th   of 6 Floors,"Pool,Park/Garden,Club",1 to 5 Year Old,[],"['Power Back-up', 'Security / Fire Alarm', 'Lift(s)', 'Swimming Pool', 'Maintenance Staff', 'Water Storage', 'Park', 'Shopping Centre', 'Fitness Centre / GYM', 'Club house / Community Center']","[{'': ''}, {'': ''}, {'': ''}, {'': ''}, {'': ''}]",,
"2 BHK Flat in Shahjahanabad, Bhopal",Imperial Heights,₹25 Lac,"₹3,328 /sqft",Ready To Move,"This 2 bhk apartment is available for sale in imperial heights, one of the most prominent projects for flats in shahjahanabad, bhopal. This residential flat is north-Facing direction. The floor plan additionally contains 2 bedroom(s), 2 bathrooms and 1 balcony. All in all, the flat is spread over a carpet area of 751 sq.Ft. This flat is situated on the 3rd floor of this 4 floors tall residential building. This 1-5 years old property is available for immediate possession as the project is ready to move. The beautifully designed vitrified flooring enhances the beauty of the flat. This residential property is situated near close to school, close to hospital, close to market and close to highway. All the modern amenities such as maintenance staff and lift(s) will make life easier for you. The society provides continuous water supply from borewell/tank and municipal corporation.","Carpet area: 751
(69.77 sq.m.)  
sq.ft.","2 Bedrooms , 2 Bathrooms, 1 Balcony","₹ 25 Lac+ Govt Charges & Tax
@ 3,328 per sq.ft. (Negotiable) View Price Details","Imperial Heights
Shahjahanabad, Bhopal",3rd   of 4 Floors,,1 to 5 Year Old,"['2 Fan', '2 Light', '1 Modular Kitchen', 'No AC', 'No Bed', 'No Chimney', 'No Curtains', 'No Dining Table', 'No Exhaust Fan', 'No Geyser', 'No Microwave', 'No Fridge', 'No Sofa', 'No Stove', 'No TV', 'No Wardrobe', 'No Washing Machine', 'No Water Purifier']","['Security / Fire Alarm', 'Private Garden / Terrace', 'Lift(s)', 'Maintenance Staff', 'Water Storage', 'Waste Disposal']","[{'': ''}, {'': ''}, {'': ''}, {'': ''}]",North,
"3 BHK Flat in Shahjahanabad, Bhopal",Imperial Heights,₹35 Lac,"₹3,888 /sqft",Ready To Move,"Situated in shahjahanabad, bhopal, imperial heights is a well planned society that offers a pleasant living experience to its residents. This 3 bhk flat in bhopal is your opportunity to be a part of this community. This property faces the east direction. Containing 3 bedroom(s), 2 bathrooms and 1 balcony, this flat is spread over a carpet area of 900 sq.Ft. This flat lies on the 3rd level of a 4 storey building. As the project is already ready to move, so you can easily move into this 1-5 years old property. The beautifully designed vitrified flooring enhances the beauty of the flat. Another plus point for this is that it is situated near close to school, close to hospital, close to market and close to highway. The flat will offer a modern lifestyle as it is presented with many of the amenities such as maintenance staff and lift(s). The project provides access to clean water through municipal corporation and borewell/tank supply.","Carpet area: 900
(83.61 sq.m.)  
sq.ft.","3 Bedrooms , 2 Bathrooms, 1 Balcony","₹ 35 Lac+ Govt Charges & Tax
@ 3,888 per sq.ft. (Negotiable)","Imperial Heights
Shahjahanabad, Bhopal",3rd   of 4 Floors,Main Road,1 to 5 Year Old,"['1 Wardrobe', '2 Fan', '2 Light', '1 Modular Kitchen', 'No AC', 'No Bed', 'No Chimney', 'No Curtains', 'No Dining Table', 'No Exhaust Fan', 'No Geyser', 'No Microwave', 'No Fridge', 'No Sofa', 'No Stove', 'No TV', 'No Washing Machine', 'No Water Purifier']","['Security / Fire Alarm', 'Private Garden / Terrace', 'Lift(s)', 'Maintenance Staff', 'Water Storage', 'Piped-gas']","[{'': ''}, {'': ''}, {'': ''}, {'': ''}]",East,
"2 BHK Flat in TT Nagar, Bhopal",Sharda Apartment,₹65 Lac,"₹9,285 /sqft",Ready To Move,"6 malviya nagar , near rajbhawan , well suited for commercial purpose","Built Up area: 700
(65.03 sq.m.)
Carpet area: 670 sq.ft. (62.25 sq.m.)  
sq.ft.","2 Bedrooms , 1 Bathroom, 1 Balcony","₹ 65 Lac
@ 9,285 per sq.ft. (Negotiable)","Sharda Apartment
TT Nagar, Bhopal",Ground of 3 Floors,,10+ Year Old,[],[],"[{'': ''}, {'': ''}, {'': ''}, {'': ''}]",,
"3 BHK Flat in Ayodhya Bypass , Bhopal",Prestine The Homes,₹30.9 Lac,"₹3,433 /sqft",Ready To Move,"For sale very urgently: 1372 sq. Ft., 3bhk spacious, luxurious, well-Maintained, unused flat near narela square, walking distance from the main road, ayodhya bypass, bhopal.","Super Built up area 1372
(127.46 sq.m.)
Carpet area: 900 sq.ft. (83.61 sq.m.)  
sq.ft.","3 Bedrooms , 2 Bathrooms, 1 Balcony","₹ 30.9 Lac+ Govt Charges & Tax
@ 3,433 per sq.ft. View Price Details","Prestine The Homes
Ayodhya Bypass , Bhopal",4th   of 4 Floors,Others,5 to 10 Year Old,[],"['Power Back-up', 'Feng Shui / Vaastu Compliant', 'Lift(s)', 'Maintenance Staff', 'Park', 'Security Personnel', 'Rain Water Harvesting']","[{'': ''}, {'': ''}, {'': ''}, {'': ''}]",East,
"1 BHK Flat in Ayodhya Bypass , Bhopal",Regal Treasure,₹21.9 Lac,"₹3,369 /sqft",Ready To Move,"A generously sized and luxuriously appointed one-Bedroom apartment is currently available for immediate sale within the prestigious regal treasure colony, conveniently situated on the ayodhya bypass main road in bhopal. The property is offered at an initial asking price of 25.90 lakhs, with a negotiable price of 22.90 lakhs for transactions involving financing and 21.90 lakhs for cash purchases. Furthermore, the property is estimated to generate a monthly rental income of 12,000 to 15,000. This presents a particularly attractive investment opportunity, especially considering the anticipated appreciation in property values resulting from the forthcoming ayodhya bypass road widening project.","Super Built up area 650
(60.39 sq.m.)
Built Up area: 550 sq.ft. (51.1 sq.m.)
Carpet area: 400 sq.ft. (37.16 sq.m.)  
sq.ft.","1 Bedroom , 1 Bathroom, 2 Balconies","₹ 21.9 Lac+ Govt Charges & Tax
@ 3,369 per sq.ft.","Regal Treasure
Ayodhya Bypass , Bhopal",3rd   of 5 Floors,Main Road,5 to 10 Year Old,"['2 Wardrobe', '1 Exhaust Fan', '5 Light', '1 Modular Kitchen', 'No AC', 'No Bed', 'No Chimney', 'No Curtains', 'No Dining Table', 'No Fan', 'No Geyser', 'No Microwave', 'No Fridge', 'No Sofa', 'No Stove', 'No TV', 'No Washing Machine', 'No Water Purifier']","['Power Back-up', 'Feng Shui / Vaastu Compliant', 'Lift(s)', 'Park', 'Shopping Centre', 'Fitness Centre / GYM', 'Rain Water Harvesting']","[{'': ''}, {'': ''}, {'': ''}, {'': ''}]",South-West,
"2 BHK Flat in Mandideep, Bhopal",Sheetal Dham Society,₹25 Lac,"₹3,333 /sqft",Ready To Move,"House is very looking good , actually job tranferd to andhra pradesh so i want to sale my house .","Carpet area: 750
(69.68 sq.m.)  
sq.ft.","2 Bedrooms , 2 Bathrooms, 1 Balcony","₹ 25 Lac
@ 3,333 per sq.ft. (Negotiable)","Sheetal Dham Society
Mandideep, Bhopal",1st   of 5 Floors,"Pool,Park/Garden,Club,Main Road,Others",1 to 5 Year Old,[],"['Feng Shui / Vaastu Compliant', 'Security / Fire Alarm', 'Intercom Facility', 'Lift(s)', 'Maintenance Staff', 'Water Storage', 'Park', 'Visitor Parking']","[{'': ''}, {'': ''}, {'': ''}, {'': ''}]",,
"2 BHK Flat in Kalpana Nagar, Bhopal",On Request,₹17 Lac,"₹3,090 /sqft",Ready To Move,Flat is situated near kwality sweets piplani petrol pump on the main road of kaplana nagar. The property can be use for semi commercial purpose as is connected to main road.,"Carpet area: 550
(51.1 sq.m.)  
sq.ft.","2 Bedrooms , 2 Bathrooms, 1 Balcony","₹ 17 Lac
@ 3,090 per sq.ft. (Negotiable) View Price Details","On Request
Kalpana Nagar, Bhopal",Ground of 4 Floors,Main Road,10+ Year Old,[],['Water Storage'],"[{'': ''}, {'': ''}, {'': ''}, {'': ''}]",East,
"4 BHK Flat in Sanjeev Nagar, Bhopal",RIPL Maple Tree,₹80 Lac,"₹3,200 /sqft",Ready To Move,"It is a penthouse, fully furnished.","Carpet area: 2500
(232.26 sq.m.)  
sq.ft.","4 Bedrooms , 3 Bathrooms, 2 Balconies","₹ 80 Lac+ Govt Charges & Tax
@ 3,200 per sq.ft.","RIPL Maple Tree
Sanjeev Nagar, Bhopal",6th   of 6 Floors,,1 to 5 Year Old,[],"['Intercom Facility', 'Lift(s)', 'Swimming Pool', 'Park', 'Fitness Centre / GYM']","[{'': ''}, {'': ''}, {'': ''}, {'': ''}]",,
"3 BHK Flat in Gulmohar Colony, Bhopal",Veer Apartment,₹1.5 Cr,"₹12,500 /sqft",Ready To Move,"Veer apartment is one of bhopal's most sought after destination for apartments and this 3 bhk flat in gulmohar colony is your opportunity to be a part of this community. The flat is over 1200 sq.Ft. Carpet area and comes with 3 bedroom(s), 3 bathrooms and 3 balconies. This flat is situated on the top floor of this 4 floors tall residential building. Being a ready to move project, you can expect immediate possession of this 1-5 years old property.","Carpet area: 1200
(111.48 sq.m.)  
sq.ft.","3 Bedrooms , 3 Bathrooms, 3 Balconies","₹ 1.5 Crore
@ 12,500 per sq.ft.","Veer Apartment
Gulmohar Colony, Bhopal",4th   of 4 Floors,,1 to 5 Year Old,[],[],"[{'': ''}, {'': ''}, {'': ''}, {'': ''}]",,
"2 BHK Flat in Jahangirabad, Bhopal",Al-fiza tower,₹26 Lac,"₹3,714 /sqft",Ready To Move,Mera flate jahangeerabaad main market me rajdhani petrol pump k pass h please gunine candidate hi contact karein,"Built Up area: 750
(69.68 sq.m.)
Carpet area: 700 sq.ft. (65.03 sq.m.)  
sq.ft.","2 Bedrooms , 2 Bathrooms, 1 Balcony","₹ 26 Lac
@ 3,714 per sq.ft. (Negotiable)","Al-fiza tower
Jahangirabad, Bhopal",2nd   of 4 Floors,,5 to 10 Year Old,[],"['Lift(s)', 'Maintenance Staff', 'Water Storage']","[{'': ''}, {'': ''}, {'': ''}, {'': ''}]",,
"3 BHK Flat in Salaiya, Bhopal",Aakriti Greens,₹45 Lac,"₹3,157 /sqft",Ready To Move,"Ideal for those who want to stay with nature cool and pollution free environment. Aakriti greens offers spacious campus, adequate parking,lush green environment, siddhivinayak and hanuman temple. Very good for morning and evening walk and spiritual atmosphere. Those who wants peace of mind can chose this place. There are regular ganesh festivals,navaratri,bhajan kirtan and other cultural programmes suitable for all age groups. All leading school buses stops infront of aakriti gate. All amenities are nearby including super shop,vegetable vendors, medical stores etc. Maids etc are readily avlble. Aakriti green has got 2 big and 2 small gardens, children play area, open gym is coming up very soon and huge open space.","Built Up area: 1425
(132.39 sq.m.)  
sq.ft.","3 Bedrooms , 2 Bathrooms, 2 Balconies","₹ 45 Lac+ Govt Charges & Tax
@ 3,157 per sq.ft. View Price Details","Aakriti Greens
Salaiya, Bhopal",5th   of 6 Floors,Park/Garden,10+ Year Old,"['4 Fan', '1 Exhaust Fan', '6 Light', '1 Chimney', 'No AC', 'No Bed', 'No Curtains', 'No Dining Table', 'No Geyser', 'No Modular Kitchen', 'No Microwave', 'No Fridge', 'No Sofa', 'No Stove', 'No TV', 'No Wardrobe', 'No Washing Machine', 'No Water Purifier']","['Security / Fire Alarm', 'Lift(s)', 'Water Storage', 'No open drainage around', 'Piped-gas', 'Visitor Parking', 'Park', 'Security Personnel', 'Natural Light', 'Airy Rooms', 'Spacious Interiors', 'Rain Water Harvesting', 'Club house / Community Center']","[{'': ''}, {'': ''}, {'': ''}, {'': ''}]",South-West,
"3 BHK Flat in Salaiya, Bhopal",Aakriti Greens,₹45 Lac,"₹3,157 /sqft",Ready To Move,"Ideal for those who want to stay with nature cool and pollution free environment. Aakriti greens offers spacious campus, adequate parking,lush green environment, siddhivinayak and hanuman temple. Very good for morning and evening walk and spiritual atmosphere. Those who wants peace of mind can chose this place. There are regular ganesh festivals,navaratri,bhajan kirtan and other cultural programmes suitable for all age groups. All leading school buses stops infront of aakriti gate. All amenities are nearby including super shop,vegetable vendors, medical stores etc. Maids etc are readily avlble. Aakriti green has got 2 big and 2 small gardens, children play area, open gym is coming up very soon and huge open space.","Built Up area: 1425
(132.39 sq.m.)  
sq.ft.","3 Bedrooms , 2 Bathrooms, 2 Balconies","₹ 45 Lac+ Govt Charges & Tax
@ 3,157 per sq.ft. View Price Details","Aakriti Greens
Salaiya, Bhopal",5th   of 6 Floors,Park/Garden,10+ Year Old,"['4 Fan', '1 Exhaust Fan', '6 Light', '1 Chimney', 'No AC', 'No Bed', 'No Curtains', 'No Dining Table', 'No Geyser', 'No Modular Kitchen', 'No Microwave', 'No Fridge', 'No Sofa', 'No Stove', 'No TV', 'No Wardrobe', 'No Washing Machine', 'No Water Purifier']","['Security / Fire Alarm', 'Lift(s)', 'Water Storage', 'No open drainage around', 'Piped-gas', 'Visitor Parking', 'Park', 'Security Personnel', 'Natural Light', 'Airy Rooms', 'Spacious Interiors', 'Rain Water Harvesting', 'Club house / Community Center']","[{'': ''}, {'': ''}, {'': ''}, {'': ''}]",South-West,
"2 BHK Flat in Ibrahimpura, Bhopal",City Tower,₹25 Lac,"₹3,333 /sqft",Ready To Move,"Flat for sale in the heart of bhopal! Spacious and well-Maintained flat with: Pop ceiling Modular kitchen Lift & 4-Wheeler parking All modern amenities Nearby local market, fish market & daily-Need shops everything just a short walk away!","Built Up area: 750
(69.68 sq.m.)  
sq.ft.","2 Bedrooms , 2 Bathrooms, 1 Balcony","₹ 25 Lac
@ 3,333 per sq.ft. View Price Details","City Tower
Ibrahimpura, Bhopal",1st   of 4 Floors,Main Road,5 to 10 Year Old,[],[],[],,
"2 BHK Flat in Jahangirabad, Bhopal",Center Point Jinsi Square,₹22 Lac,"₹4,400 /sqft",Ready To Move,On road appartment in very good condition,"Carpet area: 500
(46.45 sq.m.)  
sq.ft.","2 Bedrooms , 2 Bathrooms, 1 Balcony","₹ 22 Lac
@ 4,400 per sq.ft. (Negotiable)","Center Point Jinsi Square
Jahangirabad, Bhopal",3rd   of 4 Floors,Main Road,1 to 5 Year Old,[],"['Lift(s)', 'Maintenance Staff', 'Water Storage']","[{'': ''}, {'': ''}, {'': ''}, {'': ''}]",North,
"2 BHK Flat in Data Colony, Bhopal",Appartment,₹26 Lac,"₹3,466 /sqft",Ready To Move,Newly constructed property having specious & ventilated rooms. Unlock the door to your dream home.,"Carpet area: 750
(69.68 sq.m.)  
sq.ft.","2 Bedrooms , 2 Bathrooms, 1 Balcony","₹ 26 Lac
@ 3,466 per sq.ft. (Negotiable)","Appartment
Data Colony, Bhopal",2nd   of 2 Floors,,0 to 1 Year Old,[],[],"[{'': ''}, {'': ''}, {'': ''}, {'': ''}]",,
"3 BHK Flat in Jahangirabad, Bhopal",multi Qureshi apartment,₹18.5 Lac,"₹2,424 /sqft",Ready To Move,Conditions okay good view jahangirabad aam wali masjid,"Carpet area: 763
(70.89 sq.m.)  
sq.ft.","3 Bedrooms , 2 Bathrooms, 1 Balcony","₹ 18.5 Lac+ Govt Charges & Tax
@ 2,424 per sq.ft. (All inclusive, Negotiable)","multi Qureshi apartment
Jahangirabad, Bhopal",1st   of 3 Floors,Main Road,1 to 5 Year Old,"['1 Wardrobe', '4 Fan', '1 Fridge', '1 Stove', '1 Washing Machine', '5 Light', '2 TV', '2 Curtains', 'No AC', 'No Bed', 'No Chimney', 'No Dining Table', 'No Exhaust Fan', 'No Geyser', 'No Modular Kitchen', 'No Microwave', 'No Sofa', 'No Water Purifier']",[],"[{'': ''}, {'': ''}, {'': ''}, {'': ''}]",,
"2 BHK Flat in Katara Hills, Bhopal",Devki Nikunj Heights,₹28 Lac,"₹3,544 /sqft",Ready To Move,"Spacious, well-Ventilated apartment in prime katara hills location with modern amenities and serene surroundings","Carpet area: 790
(73.39 sq.m.)  
sq.ft.","2 Bedrooms , 2 Bathrooms, 3 Balconies","₹ 28 Lac+ Govt Charges & Tax
@ 3,544 per sq.ft. (Negotiable)","Devki Nikunj Heights
Katara Hills, Bhopal",6th   of 9 Floors,,1 to 5 Year Old,[],"['Feng Shui / Vaastu Compliant', 'Lift(s)', 'Park', 'Shopping Centre', 'Rain Water Harvesting']","[{'': ''}, {'': ''}, {'': ''}, {'': ''}]",,
"3 BHK Flat in Karond, Bhopal",Globus Coral Casa,₹35 Lac,"₹3,043 /sqft",Ready To Move,"We are the proud owners of this 3 bhk apartment available in globus coral casa, karond, bhopal. This it is a and the unit is located on 1st floor and has a built up area of 1150 sq.Ft. . It has 2 bathroom(s) and 1 balcony(s). The ownership is freehold type.","Built Up area: 1150
(106.84 sq.m.)  
sq.ft.","3 Bedrooms , 2 Bathrooms, 1 Balcony","₹ 35 Lac
@ 3,043 per sq.ft.","Globus Coral Casa
Karond, Bhopal",1st   of 7 Floors,,0 to 1 Year Old,[],[],"[{'': ''}, {'': ''}, {'': ''}, {'': ''}]",,
"2 BHK Flat in Bawadia Kalan, Bhopal",Chinarr Sapphire,₹40 Lac,"₹3,076 /sqft",Ready To Move,"We are the proud owners of this 2 bhk apartment available in chinarr sapphire, bawadia kalan, bhopal. This it is a and the unit is located on 4th floor and has a super built-Up area of 1300 sq.Ft. . It has 2 bathroom(s) and 1 balcony(s). The ownership is freehold type.","Super Built up area 1300
(120.77 sq.m.)  
sq.ft.","2 Bedrooms , 2 Bathrooms, 1 Balcony","₹ 40 Lac
@ 3,076 per sq.ft.","Chinarr Sapphire
Bawadia Kalan, Bhopal",4th   of 6 Floors,,10+ Year Old,[],[],"[{'': ''}, {'': ''}, {'': ''}, {'': ''}]",,
"3 BHK Flat in Fatehgarh, Bhopal",Mirza apartment,₹45 Lac,"₹6,428 /sqft",Ready To Move,I want to sell my flat with all furniture and fittings complete and you we get car parking and two wheeler parking,"Carpet area: 700
(65.03 sq.m.)  
sq.ft.","3 Bedrooms , 2 Bathrooms, 1 Balcony","₹ 45 Lac+ Govt Charges & Tax
@ 6,428 per sq.ft. (Negotiable)","Mirza apartment
Fatehgarh, Bhopal",2nd   of 4 Floors,,1 to 5 Year Old,[],[],[],,
"3 BHK Flat in Gandhinagar, Bhopal",Rishikesh Nirmaan The Bellaire Mint,₹45 Lac,"₹3,214 /sqft",Ready To Move,Gated property with all the nearby amenities,"Super Built up area 1400
(130.06 sq.m.)  
sq.ft.","3 Bedrooms , 2 Bathrooms, 2 Balconies","₹ 45 Lac
@ 3,214 per sq.ft. (All inclusive, Negotiable)","Rishikesh Nirmaan The Bellaire Mint
Gandhinagar, Bhopal",3rd   of 6 Floors,,5 to 10 Year Old,[],"['Security / Fire Alarm', 'Lift(s)', 'Maintenance Staff', 'Swimming Pool', 'Water Storage', 'Park', 'Visitor Parking', 'Security Personnel', 'Fitness Centre / GYM', 'Rain Water Harvesting']","[{'': ''}, {'': ''}, {'': ''}, {'': ''}]",West,
"3 BHK Flat in Kohefiza, Bhopal",Ivory-11,₹45 Lac,"₹5,000 /sqft",Ready To Move,Prime location flat for resale at koh-E-Fiza: 3 bhk (Front) 900 sq. Ft. Airy and full of natural light Very well maintained Convenience of 2nd floor Lift facility Dedicated 4 wheel parking space Secured area with cctv Ample supply of borewell water Peaceful and quite residential area.,"Carpet area: 900
(83.61 sq.m.)  
sq.ft.","3 Bedrooms , 2 Bathrooms, 1 Balcony","₹ 45 Lac
@ 5,000 per sq.ft. (Negotiable)","Ivory-11
Kohefiza, Bhopal",2nd   of 5 Floors,,1 to 5 Year Old,"['2 Wardrobe', '2 Fan', '25 Light', '1 Modular Kitchen', 'No AC', 'No Bed', 'No Chimney', 'No Curtains', 'No Dining Table', 'No Exhaust Fan', 'No Geyser', 'No Microwave', 'No Fridge', 'No Sofa', 'No Stove', 'No TV', 'No Washing Machine', 'No Water Purifier']","['Lift(s)', 'Water Storage']","[{'': ''}, {'': ''}, {'': ''}, {'': ''}]",,
"2 BHK Flat in Saket Nagar, Bhopal",shobharam Gaud Apartment,₹22.75 Lac,"₹3,033 /sqft",Ready To Move,"Full of ligh,near aiims hospital, market,shops,atm, school,temple,habib ganj railway station, good luck for the owner regarding job n financial support. Tv rack,crockery shelves,open parking.","Carpet area: 750
(69.68 sq.m.)  
sq.ft.","2 Bedrooms , 1 Bathroom, 1 Balcony","₹ 22.75 Lac+ Govt Charges & Tax
@ 3,033 per sq.ft. (All inclusive, Negotiable)","shobharam Gaud Apartment
Saket Nagar, Bhopal",2nd   of 2 Floors,,10+ Year Old,"['2 Wardrobe', '4 Fan', '1 Sofa', '1 Dining Table', '8 Light', 'No AC', 'No Bed', 'No Chimney', 'No Curtains', 'No Exhaust Fan', 'No Geyser', 'No Modular Kitchen', 'No Microwave', 'No Fridge', 'No Stove', 'No TV', 'No Washing Machine', 'No Water Purifier']",[],"[{'': ''}, {'': ''}, {'': ''}, {'': ''}]",,
"3 BHK Flat in Airport Road, Bhopal",Satya Prakash Nice Space,₹32 Lac,"₹2,909 /sqft",Ready To Move,"3 bhk flate with 1 hall , 2 bath with modular kitchen.","Super Built up area 1100
(102.19 sq.m.)
Built Up area: 900 sq.ft. (83.61 sq.m.)  
sq.ft.","3 Bedrooms , 2 Bathrooms, 1 Balcony with Pooja Room","₹ 32 Lac
@ 2,909 per sq.ft.","Satya Prakash Nice Space
Airport Road, Bhopal",4th   of 8 Floors,,1 to 5 Year Old,"['1 Modular Kitchen', 'No AC', 'No Bed', 'No Chimney', 'No Curtains', 'No Dining Table', 'No Exhaust Fan', 'No Fan', 'No Geyser', 'No Light', 'No Microwave', 'No Fridge', 'No Sofa', 'No Stove', 'No TV', 'No Wardrobe', 'No Washing Machine', 'No Water Purifier']","['Feng Shui / Vaastu Compliant', 'Lift(s)', 'Swimming Pool', 'Park', 'Shopping Centre', 'Fitness Centre / GYM', 'Club house / Community Center', 'Rain Water Harvesting']","[{'': ''}, {'': ''}, {'': ''}, {'': ''}]",,
"3 BHK Flat in Airport Road, Bhopal",Satya Prakash Nice Space,₹45 Lac,"₹2,844 /sqft",Ready To Move,"Property is situated opposite to podar world school. It is having garden area, swimming pool, club house, function separate areas","Super Built up area 1582
(146.97 sq.m.)
Built Up area: 1130 sq.ft. (104.98 sq.m.)  
sq.ft.","3 Bedrooms , 3 Bathrooms, 3 Balconies","₹ 45 Lac
@ 2,844 per sq.ft. (All inclusive)","Satya Prakash Nice Space
Airport Road, Bhopal",6th   of 8 Floors,Park/Garden,1 to 5 Year Old,"['1 Light', 'No AC', 'No Bed', 'No Chimney', 'No Curtains', 'No Dining Table', 'No Exhaust Fan', 'No Fan', 'No Geyser', 'No Modular Kitchen', 'No Microwave', 'No Fridge', 'No Sofa', 'No Stove', 'No TV', 'No Wardrobe', 'No Washing Machine', 'No Water Purifier']","['Power Back-up', 'Feng Shui / Vaastu Compliant', 'Lift(s)', 'Swimming Pool', 'Park', 'Shopping Centre', 'Fitness Centre / GYM', 'Club house / Community Center', 'Rain Water Harvesting']","[{'': ''}, {'': ''}, {'': ''}, {'': ''}]",,
"3 BHK Flat in Saket Nagar, Bhopal",Ishita Paradise,₹28 Lac,"₹2,883 /sqft",Ready To Move,"3 bhk to sell at prime location near to aiims, school, railway and bus station. Road garden facing, 4 wheeler parking. 28 lakhs","Carpet area: 971
(90.21 sq.m.)  
sq.ft.","3 Bedrooms , 2 Bathrooms, 1 Balcony
View Floor Plan","₹ 28 Lac
@ 2,883 per sq.ft. (Negotiable)","Ishita Paradise
Saket Nagar, Bhopal",Ground of 2 Floors,,10+ Year Old,[],['Water Storage'],"[{'': ''}, {'': ''}, {'': ''}, {'': ''}]",South-East,
"4 BHK Flat in Airport Road, Bhopal",Airport City,₹60 Lac,"₹5,000 /sqft",Under Construction,"Ammenities Jewel shankra ,jewel premium, jewel ganesha","Super Built up area 1450
(134.71 sq.m.)
Carpet area: 1200 sq.ft. (111.48 sq.m.)  
sq.ft.","4 Bedrooms , 3 Bathrooms, 1 Balcony with Pooja Room,Study Room,Others
View Floor Plan","₹ 60 Lac
@ 5,000 per sq.ft.","Airport City
Airport Road, Bhopal",Basement of 3 Floors,,,[],"['Power Back-up', 'Intercom Facility', 'Swimming Pool', 'Park', 'Fitness Centre / GYM', 'Club house / Community Center']","[{'': ''}, {'': ''}, {'': ''}, {'': ''}, {'': ''}]",,Within 3 months
"2 BHK Flat in Awadhpuri, Bhopal","Surabhi Nikunj, Surabhi Mohini Homes",₹35 Lac,"₹4,117 /sqft",Ready To Move,1. This is corner flat and very much near to habibganj railways station i.E. Only 5-6 km. 2. Aiims is only 3-4 km. 3. You can find all household or groceries near to you as all famous stores is reachable in 1-2 km. 5. Local bus stand is near about 0.5 km.,"Carpet area: 850
(78.97 sq.m.)  
sq.ft.","2 Bedrooms , 2 Bathrooms, 2 Balconies","₹ 35 Lac
@ 4,117 per sq.ft. (All inclusive, Negotiable)","Surabhi Nikunj, Surabhi Mohini Homes
Awadhpuri, Bhopal",3rd   of 4 Floors,,1 to 5 Year Old,"['1 Wardrobe', '1 Water Purifier', '3 Fan', '1 Geyser', '10 Light', '1 AC', '1 Modular Kitchen', 'No Bed', 'No Chimney', 'No Curtains', 'No Dining Table', 'No Exhaust Fan', 'No Microwave', 'No Fridge', 'No Sofa', 'No Stove', 'No TV', 'No Washing Machine']","['Lift(s)', 'Water purifier', 'Water Storage', 'Natural Light', 'Airy Rooms']","[{'': ''}, {'': ''}, {'': ''}, {'': ''}]",East,
"2 BHK Flat in Hoshangabad Road, Bhopal",Aryavrat British Park,₹32 Lac,"₹2,424 /sqft",Ready To Move,"We are the proud owners of this 2 bhk apartment available in aryavrat british park, hoshangabad road, bhopal. This it is a and the unit is located on 2nd floor and has a carpet area of 1320 sq.Ft. . It has 2 bathroom(s). The ownership is freehold type.","Carpet area: 1320
(122.63 sq.m.)  
sq.ft.","2 Bedrooms , 2 Bathrooms, No Balcony","₹ 32 Lac
@ 2,424 per sq.ft.","Aryavrat British Park
Hoshangabad Road, Bhopal",2nd   of 11 Floors,,0 to 1 Year Old,[],[],"[{'': ''}, {'': ''}, {'': ''}, {'': ''}]",,
"3 BHK Flat in Awadhpuri, Bhopal",Regal Town,₹29 Lac,"₹3,310 /sqft",Ready To Move,"Regal town is one of the most popular destination for buying apartments/ flats in awadhpuri, bhopal. You too can be a part of this society by purchasing this 3 bhk flat here. This is a west-Facing property. Constructed on a super built up area of 876 sq.Ft., the flat comprises 3 bedroom(s), 2 bathrooms and 2 balconies. The residential building has 7 floors in total and the flat for sale is located on the 5th floor. As the project is already ready to move, so you can easily move into this 5-10 years old property. The beautifully designed vitrified flooring enhances the beauty of the flat. The society complex is in the close vicinity of close to school and close to market, making it an ideal home for a relaxed lifestyle. All the modern amenities such as swimming pool, fitness centre / gym, park, shopping centre, lift(s), maintenance staff and visitor parking will make life easier for you. The society provides continuous water supply from borewell/tank and municipal corporation.","Super Built up area 876
(81.38 sq.m.)
Carpet area: 850 sq.ft. (78.97 sq.m.)  
sq.ft.","3 Bedrooms , 2 Bathrooms, 2 Balconies with Others","₹ 29 Lac+ Govt Charges & Tax
@ 3,310 per sq.ft. View Price Details","Regal Town
Awadhpuri, Bhopal",5th   of 7 Floors,"Others,Park/Garden",5 to 10 Year Old,"['1 Exhaust Fan', '1 Geyser', '1 Curtains', '1 Chimney', 'No AC', 'No Bed', 'No Dining Table', 'No Fan', 'No Modular Kitchen', 'No Light', 'No Microwave', 'No Fridge', 'No Sofa', 'No Stove', 'No TV', 'No Wardrobe', 'No Washing Machine', 'No Water Purifier']","['Power Back-up', 'Security / Fire Alarm', 'Lift(s)', 'Swimming Pool', 'Maintenance Staff', 'Water Storage', 'Park', 'Visitor Parking', 'Shopping Centre', 'Fitness Centre / GYM', 'Rain Water Harvesting']","[{'': ''}, {'': ''}, {'': ''}, {'': ''}]",West,
"3 BHK Flat in Bypass Road, Bhopal",ananda dhara apartments,₹24 Lac,"₹2,696 /sqft",Ready To Move,"We are the proud owners of this 3 bhk apartment available in ananda dhara apartments, bypass road, bhopal. This it is a and the unit is located on 5th floor and has a super built-Up area of 890 sq.Ft. . It has 2 bathroom(s) and 1 balcony(s). The ownership is freehold type.","Super Built up area 890
(82.68 sq.m.)  
sq.ft.","3 Bedrooms , 2 Bathrooms, 1 Balcony","₹ 24 Lac
@ 2,696 per sq.ft.","ananda dhara apartments
Bypass Road, Bhopal",5th   of 6 Floors,,1 to 5 Year Old,[],[],[],,
"5 BHK Flat in Idgah Hills, Bhopal",Sunrise Colony,₹23 Lac,"₹2,300 /sqft",Ready To Move,Spacious 5bhk (3bhk and 1bhk combined). Want to sell combined or separate.,"Carpet area: 1000
(92.9 sq.m.)  
sq.ft.","5 Bedrooms , 4 Bathrooms, 2 Balconies","₹ 23 Lac+ Govt Charges & Tax
@ 2,300 per sq.ft. (Negotiable)","Sunrise Colony
Idgah Hills, Bhopal",2nd   of 3 Floors,,10+ Year Old,[],['Water Storage'],"[{'': ''}, {'': ''}, {'': ''}, {'': ''}]",,
"3 BHK Flat in Kolar Road, Bhopal",Faith Imperial Heights,₹18 Lac,"₹1,969 /sqft",Ready To Move,Clubhouse park and well maintained society,"Super Built up area 914
(84.91 sq.m.)  
sq.ft.","3 Bedrooms , 2 Bathrooms, 3 Balconies","₹ 18 Lac
@ 1,969 per sq.ft. (Negotiable)","Faith Imperial Heights
Kolar Road, Bhopal",3rd   of 6 Floors,,10+ Year Old    View Construction Status,[],"['Lift(s)', 'Club house / Community Center', 'Rain Water Harvesting']","[{'': ''}, {'': ''}, {'': ''}, {'': ''}]",,
"3 BHK Flat in Katara Hills, Bhopal",Imperial Harmony,₹30 Lac,"₹2,222 /sqft",Ready To Move,Extra wide porch area with 3 bhk newly made flat with good market area near by all facilities are near by the campus area,"Built Up area: 1350
(125.42 sq.m.)  
sq.ft.","3 Bedrooms , 2 Bathrooms, 2 Balconies","₹ 30 Lac
@ 2,222 per sq.ft. (Negotiable)","Imperial Harmony
Katara Hills, Bhopal",4th   of 6 Floors,"Park/Garden,Main Road",5 to 10 Year Old,[],"['Security / Fire Alarm', 'Lift(s)', 'Water Storage', 'Park', 'Visitor Parking']","[{'': ''}, {'': ''}, {'': ''}, {'': ''}]",South-East,
"2 BHK Flat in Katara Hills, Bhopal",Centurion Sky,₹30 Lac,"₹3,333 /sqft",Ready To Move,"We are the proud owners of this 2 bhk apartment available in centurion sky, katara hills, bhopal. This semi-Furnished apartment it is a and the unit is located on 4th floor and has a built up area of 900 sq.Ft. . It has 2 bathroom(s) and 2 balcony(s). The ownership is freehold type.","Built Up area: 900
(83.61 sq.m.)  
sq.ft.","2 Bedrooms , 2 Bathrooms, 2 Balconies","₹ 30 Lac
@ 3,333 per sq.ft.","Centurion Sky
Katara Hills, Bhopal",4th   of 8 Floors,,1 to 5 Year Old,"['1 Wardrobe', '4 Fan', '1 Fridge', '1 Exhaust Fan', '1 Geyser', '1 Washing Machine', '6 Light', 'No AC', 'No Bed', 'No Chimney', 'No Curtains', 'No Dining Table', 'No Modular Kitchen', 'No Microwave', 'No Sofa', 'No Stove', 'No TV', 'No Water Purifier']",[],"[{'': ''}, {'': ''}, {'': ''}, {'': ''}]",,
"3 BHK Flat in Katara Hills, Bhopal",Signature 360,₹30 Lac,"₹2,380 /sqft",Under Construction,Sell ho chuka h plz don't call this property,"Super Built up area 1260
(117.06 sq.m.)
Built Up area: 902 sq.ft. (83.8 sq.m.)  
sq.ft.","3 Bedrooms , 2 Bathrooms, 2 Balconies
View Floor Plan","₹ 30 Lac
@ 2,380 per sq.ft. (Negotiable)","Signature 360
Katara Hills, Bhopal",6th   of 6 Floors,,Under Construction,[],"['Lift(s)', 'Park', 'Fitness Centre / GYM', 'Club house / Community Center']","[{'': ''}, {'': ''}, {'': ''}, {'': ''}, {'': ''}]",,
"3 BHK Flat in Chuna Bhatti, Bhopal",Agrawal Sagar Campus,₹36 Lac,"₹4,235 /sqft",Ready To Move,A 3 bhk flat with a unique 460 sqr ft open terrace which is rare to find in flats....,"Super Built up area 1600
(148.64 sq.m.)
Built Up area: 1300 sq.ft. (120.77 sq.m.)
Carpet area: 850 sq.ft. (78.97 sq.m.)  
sq.ft.","3 Bedrooms , 2 Bathrooms, 2 Balconies with Others","₹ 36 Lac+ Govt Charges & Tax
@ 4,235 per sq.ft. (Negotiable)","Agrawal Sagar Campus
Chuna Bhatti, Bhopal",3rd   of 3 Floors,,10+ Year Old,"['5 Fan', '1 Exhaust Fan', '1 Geyser', '6 Light', '1 AC', '3 Curtains', '1 Wardrobe', 'No Bed', 'No Chimney', 'No Dining Table', 'No Modular Kitchen', 'No Microwave', 'No Fridge', 'No Sofa', 'No Stove', 'No TV', 'No Washing Machine', 'No Water Purifier']","['Maintenance Staff', 'Visitor Parking']","[{'': ''}, {'': ''}, {'': ''}, {'': ''}]",,
"3 BHK Flat in Saket Nagar, Bhopal",Ishita Paradise,₹28 Lac,"₹2,883 /sqft",Ready To Move,"3 bhk to sell at prime location near to aiims, school, railway and bus station. Road garden facing, 4 wheeler parking. 28 lakhs","Carpet area: 971
(90.21 sq.m.)  
sq.ft.","3 Bedrooms , 2 Bathrooms, 1 Balcony
View Floor Plan","₹ 28 Lac
@ 2,883 per sq.ft. (Negotiable)","Ishita Paradise
Saket Nagar, Bhopal",Ground of 2 Floors,,10+ Year Old,[],['Water Storage'],"[{'': ''}, {'': ''}, {'': ''}, {'': ''}]",South-East,
"2 BHK Flat in Indus Towne, Bhopal",Chinarr Dream CT,₹23 Lac,"₹3,194 /sqft",Ready To Move,"1. 2 bhk | 720 sq.Ft | 6th floor (Top) bright, airy, and peaceful 2. located in chinarr dream ct, indus towne a gated, secure society 3. equipped with elevators, power backup, and ample parking 4. access to clubhouse, gym, garden, kids play area & more 5. prime location near hoshangabad road, close to schools, malls & hospitals","Carpet area: 720
(66.89 sq.m.)  
sq.ft.","2 Bedrooms , 2 Bathrooms, 1 Balcony","₹ 23 Lac+ Govt Charges & Tax
@ 3,194 per sq.ft.","Chinarr Dream CT
Indus Towne, Bhopal",6th   of 7 Floors,,1 to 5 Year Old,[],"['Power Back-up', 'Lift(s)', 'Swimming Pool', 'Park', 'Shopping Centre', 'Fitness Centre / GYM', 'Club house / Community Center', 'Rain Water Harvesting']","[{'': ''}, {'': ''}, {'': ''}, {'': ''}]",,
"3 BHK Flat in Hoshangabad Road, Bhopal",Raksha Eden Park,₹42 Lac,"₹3,736 /sqft",Ready To Move,"East facing, only 200 metres away from national highway, opposite sagar multispeciality hospital","Carpet area: 1124
(104.42 sq.m.)  
sq.ft.","3 Bedrooms , 3 Bathrooms, 1 Balcony
View Floor Plan","₹ 42 Lac+ Govt Charges & Tax
@ 3,736 per sq.ft. (Negotiable)","Raksha Eden Park
Hoshangabad Road, Bhopal",4th   of 6 Floors,Park/Garden,5 to 10 Year Old,"['3 Wardrobe', '4 Fan', '1 Exhaust Fan', '6 Light', '1 Modular Kitchen', '1 Chimney', 'No AC', 'No Bed', 'No Curtains', 'No Dining Table', 'No Geyser', 'No Microwave', 'No Fridge', 'No Sofa', 'No Stove', 'No TV', 'No Washing Machine', 'No Water Purifier']","['Lift(s)', 'Maintenance Staff', 'Water Storage', 'Park', 'Visitor Parking', 'Internet/wi-fi connectivity', 'Fitness Centre / GYM', 'Club house / Community Center']","[{'': ''}, {'': ''}, {'': ''}, {'': ''}]",East,
"3 BHK Flat in Gandhinagar, Bhopal",Rishikesh Nirmaan The Bellaire Mint,₹45 Lac,"₹3,214 /sqft",Ready To Move,Gated property with all the nearby amenities,"Super Built up area 1400
(130.06 sq.m.)  
sq.ft.","3 Bedrooms , 2 Bathrooms, 2 Balconies","₹ 45 Lac
@ 3,214 per sq.ft. (All inclusive, Negotiable)","Rishikesh Nirmaan The Bellaire Mint
Gandhinagar, Bhopal",3rd   of 6 Floors,,5 to 10 Year Old,[],"['Security / Fire Alarm', 'Lift(s)', 'Maintenance Staff', 'Swimming Pool', 'Water Storage', 'Park', 'Visitor Parking', 'Security Personnel', 'Fitness Centre / GYM', 'Rain Water Harvesting']","[{'': ''}, {'': ''}, {'': ''}, {'': ''}]",West,
"2 BHK Flat in Peer Gate Area, Bhopal",husna apartment,₹16 Lac,"₹2,667 /sqft",Ready To Move,Residential apartment for sell.The property has 2 bedrooms with 2 bathrooms .It is a furnished property.Located in peer gate area.Available at an expected price of rs 1600000.Located on ground floor out of the 6 the property comes with a good construction quality which ages 1-5 years old property.2wheeler parking is available.,"Super Built up area 600
(55.74 sq.m.)  
sq.ft.","2 Bedrooms , 2 Bathrooms, No Balcony","₹ 16 Lac+ Govt Charges & Tax
@ 2,667 per sq.ft. (Negotiable)","husna apartment
Peer Gate Area, Bhopal",Ground of 6 Floors,,1 to 5 Year Old,[],[],"[{'': ''}, {'': ''}, {'': ''}, {'': ''}]",,
"4 BHK Flat in Ayodhya Bypass , Bhopal",Amaltas Westminster,₹55 Lac,"₹2,558 /sqft",Ready To Move,"We are the proud owners of this 4 bhk apartment available in amaltas westminster, ayodhya bypass , bhopal. This unfurnished apartment it is a and the unit is located on 8th floor and has a carpet area of 2150 sq.Ft. . It has 3 bathroom(s) and 3 balcony(s). The ownership is freehold type.","Carpet area: 2150
(199.74 sq.m.)  
sq.ft.","4 Bedrooms , 3 Bathrooms, 3 Balconies","₹ 55 Lac
@ 2,558 per sq.ft.","Amaltas Westminster
Ayodhya Bypass , Bhopal",8th   of 8 Floors,,0 to 1 Year Old    View Construction Status,[],[],"[{'': ''}, {'': ''}, {'': ''}, {'': ''}]",,
"3 BHK Flat in Jatkhedi, Bhopal",Swastik Grand,₹38 Lac,"₹2,000 /sqft",Ready To Move,Best in class property available at jatkhedi location in bhopal,"Super Built up area 1800
(167.23 sq.m.)
Built Up area: 1350 sq.ft. (125.42 sq.m.)  
sq.ft.","3 Bedrooms , 4 Bathrooms, 2 Balconies","₹ 38 Lac
@ 2,000 per sq.ft. (Negotiable)","Swastik Grand
Jatkhedi, Bhopal",6th   of 8 Floors,,5 to 10 Year Old,"['1 Light', 'No AC', 'No Bed', 'No Chimney', 'No Curtains', 'No Dining Table', 'No Exhaust Fan', 'No Fan', 'No Geyser', 'No Modular Kitchen', 'No Microwave', 'No Fridge', 'No Sofa', 'No Stove', 'No TV', 'No Wardrobe', 'No Washing Machine', 'No Water Purifier']",[],[],,
"3 BHK Flat in Chuna Bhatti, Bhopal",Agrawal Sagar Campus,₹45 Lac,"₹3,000 /sqft",Ready To Move,"Good location, all amenities nearby, secured campus","Super Built up area 1500
(139.35 sq.m.)
Carpet area: 1200 sq.ft. (111.48 sq.m.)  
sq.ft.","3 Bedrooms , 2 Bathrooms, 1 Balcony","₹ 45 Lac
@ 3,000 per sq.ft. (All inclusive)","Agrawal Sagar Campus
Chuna Bhatti, Bhopal",3rd   of 3 Floors,,10+ Year Old,"['3 Wardrobe', '4 Fan', '15 Light', 'No AC', 'No Bed', 'No Chimney', 'No Curtains', 'No Dining Table', 'No Exhaust Fan', 'No Geyser', 'No Modular Kitchen', 'No Microwave', 'No Fridge', 'No Sofa', 'No Stove', 'No TV', 'No Washing Machine', 'No Water Purifier']","['Feng Shui / Vaastu Compliant', 'Private Garden / Terrace', 'Water Storage', 'No open drainage around', 'Park', 'Security Personnel', 'Natural Light', 'Airy Rooms', 'Low Density Society']","[{'': ''}, {'': ''}, {'': ''}, {'': ''}]",,
"2 BHK Flat in Kohefiza, Bhopal",Goyal Flats,₹27 Lac,"₹3,600 /sqft",Ready To Move,"2bhk flat for sale in kohefiza, bhopal prime location","Super Built up area 750
(69.68 sq.m.)  
sq.ft.","2 Bedrooms , 2 Bathrooms, 2 Balconies","₹ 27 Lac
@ 3,600 per sq.ft.","Goyal Flats
Kohefiza, Bhopal",2nd   of 4 Floors,Main Road,5 to 10 Year Old,[],"['Water Storage', 'Visitor Parking']","[{'': ''}, {'': ''}, {'': ''}, {'': ''}]",,
"3 BHK Flat in Awadhpuri, Bhopal",Girnar Hills,₹20 Lac,"₹2,191 /sqft",Ready To Move,3bhk flat at reasonable price.,"Super Built up area 890
(82.68 sq.m.)  
sq.ft.","3 Bedrooms , 2 Bathrooms, 2 Balconies","₹ 20 Lac+ Govt Charges & Tax
@ 2,191 per sq.ft. (Negotiable)","Girnar Hills
Awadhpuri, Bhopal",2nd   of 7 Floors,"Park/Garden,Main Road,Club",1 to 5 Year Old    View Construction Status,[],"['Lift(s)', 'Swimming Pool', 'Park', 'Fitness Centre / GYM', 'Club house / Community Center']","[{'': ''}, {'': ''}, {'': ''}, {'': ''}]",East,
"3 BHK Flat in Ayodhya Bypass , Bhopal",Amaltas Westminster,₹41 Lac,"₹4,270 /sqft",Ready To Move,"Experience comfort, convenience, and class in this well-Designed 1300 sq. Ft. 3bhk flat located in a prime residential area adjacent to people's mall. This thoughtfully built home offers:","Super Built up area 1300
(120.77 sq.m.)
Carpet area: 960 sq.ft. (89.19 sq.m.)  
sq.ft.","3 Bedrooms , 2 Bathrooms, 1 Balcony","₹ 41 Lac+ Govt Charges & Tax
@ 4,270 per sq.ft. (All inclusive, Negotiable)","Amaltas Westminster
Ayodhya Bypass , Bhopal",1st   of 8 Floors,,0 to 1 Year Old    View Construction Status,[],"['Intercom Facility', 'Lift(s)', 'Swimming Pool', 'Park', 'Fitness Centre / GYM', 'Club house / Community Center']","[{'': ''}, {'': ''}, {'': ''}, {'': ''}]",,
"2 BHK Flat in Hoshangabad Road, Bhopal",Aryavrat British Park,₹30 Lac,"₹3,750 /sqft",Ready To Move,"We are the proud owners of this 2 bhk apartment available in aryavrat british park, hoshangabad road, bhopal. This it is a and the unit is located on ground floor and has a super built-Up area of 800 sq.Ft. . It has 1 bathroom(s) and 1 balcony(s). The ownership is freehold type.","Super Built up area 800
(74.32 sq.m.)  
sq.ft.","2 Bedrooms , 1 Bathroom, 1 Balcony","₹ 30 Lac
@ 3,750 per sq.ft.","Aryavrat British Park
Hoshangabad Road, Bhopal",Ground of 1 Floors,,5 to 10 Year Old,[],[],"[{'': ''}, {'': ''}, {'': ''}, {'': ''}]",,
"2 BHK Flat in Kolar Road, Bhopal",Samriddhi Apartment,₹35 Lac,"₹4,666 /sqft",Ready To Move,"We are the proud owners of this 2 bhk apartment available in samriddhi apartment, kolar road, bhopal. This it is a and the unit is located on 1st floor and has a super built-Up area of 750 sq.Ft. . It has 2 bathroom(s) and 1 balcony(s). The ownership is freehold type.","Super Built up area 750
(69.68 sq.m.)  
sq.ft.","2 Bedrooms , 2 Bathrooms, 1 Balcony","₹ 35 Lac
@ 4,666 per sq.ft.","Samriddhi Apartment
Kolar Road, Bhopal",1st   of 3 Floors,,5 to 10 Year Old,[],[],"[{'': ''}, {'': ''}, {'': ''}, {'': ''}]",,
"2 BHK Flat in Bawadia Kalan, Bhopal",Chinarr Sapphire,₹40 Lac,"₹3,076 /sqft",Ready To Move,"We are the proud owners of this 2 bhk apartment available in chinarr sapphire, bawadia kalan, bhopal. This it is a and the unit is located on 4th floor and has a super built-Up area of 1300 sq.Ft. . It has 2 bathroom(s) and 1 balcony(s). The ownership is freehold type.","Super Built up area 1300
(120.77 sq.m.)  
sq.ft.","2 Bedrooms , 2 Bathrooms, 1 Balcony","₹ 40 Lac
@ 3,076 per sq.ft.","Chinarr Sapphire
Bawadia Kalan, Bhopal",4th   of 6 Floors,,10+ Year Old,[],[],"[{'': ''}, {'': ''}, {'': ''}, {'': ''}]",,
"1 BHK Flat in Katara Hills, Bhopal",BDA Swami Vivekanand Parisar,₹13.5 Lac,"₹3,000 /sqft",Ready To Move,"We are the proud owners of this 1 bhk apartment available in bda swami vivekanand parisar, katara hills, bhopal. This it is a and the unit is located on 1st floor and has a super built-Up area of 450 sq.Ft. . It has 1 bathroom(s). The ownership is leasehold type.","Super Built up area 450
(41.81 sq.m.)  
sq.ft.","1 Bedroom , 1 Bathroom, No Balcony","₹ 13.5 Lac
@ 3,000 per sq.ft.","BDA Swami Vivekanand Parisar
Katara Hills, Bhopal",1st   of 4 Floors,,5 to 10 Year Old,[],[],"[{'': ''}, {'': ''}, {'': ''}, {'': ''}]",,
"3 BHK Flat in Mahawadiya, Bhopal",IBD Hallmark Citii,₹23 Lac,"₹2,346 /sqft",Ready To Move,Flat for sale Ibd hallmark city Kolar near mother teresa school 3 bhk ground floor Well maintained West facing,"Built Up area: 1250
(116.13 sq.m.)
Carpet area: 980 sq.ft. (91.04 sq.m.)  
sq.ft.","3 Bedrooms , 2 Bathrooms, 3 Balconies","₹ 23 Lac
@ 2,346 per sq.ft. (Negotiable)","IBD Hallmark Citii
Mahawadiya, Bhopal",Ground of 4 Floors,,10+ Year Old,[],"['Feng Shui / Vaastu Compliant', 'Park', 'Rain Water Harvesting']","[{'': ''}, {'': ''}, {'': ''}, {'': ''}, {'': ''}]",,
"2 BHK Flat in Saket Nagar, Bhopal",shobharam Gaud Apartment,₹22.75 Lac,"₹3,033 /sqft",Ready To Move,"Full of ligh,near aiims hospital, market,shops,atm, school,temple,habib ganj railway station, good luck for the owner regarding job n financial support. Tv rack,crockery shelves,open parking.","Carpet area: 750
(69.68 sq.m.)  
sq.ft.","2 Bedrooms , 1 Bathroom, 1 Balcony","₹ 22.75 Lac+ Govt Charges & Tax
@ 3,033 per sq.ft. (All inclusive, Negotiable)","shobharam Gaud Apartment
Saket Nagar, Bhopal",2nd   of 2 Floors,,10+ Year Old,"['2 Wardrobe', '4 Fan', '1 Sofa', '1 Dining Table', '8 Light', 'No AC', 'No Bed', 'No Chimney', 'No Curtains', 'No Exhaust Fan', 'No Geyser', 'No Modular Kitchen', 'No Microwave', 'No Fridge', 'No Stove', 'No TV', 'No Washing Machine', 'No Water Purifier']",[],"[{'': ''}, {'': ''}, {'': ''}, {'': ''}]",,
"3 BHK Flat in Airport Road, Bhopal",Satya Prakash Nice Space,₹45 Lac,"₹2,844 /sqft",Ready To Move,"Property is situated opposite to podar world school. It is having garden area, swimming pool, club house, function separate areas","Super Built up area 1582
(146.97 sq.m.)
Built Up area: 1130 sq.ft. (104.98 sq.m.)  
sq.ft.","3 Bedrooms , 3 Bathrooms, 3 Balconies","₹ 45 Lac
@ 2,844 per sq.ft. (All inclusive)","Satya Prakash Nice Space
Airport Road, Bhopal",6th   of 8 Floors,Park/Garden,1 to 5 Year Old,"['1 Light', 'No AC', 'No Bed', 'No Chimney', 'No Curtains', 'No Dining Table', 'No Exhaust Fan', 'No Fan', 'No Geyser', 'No Modular Kitchen', 'No Microwave', 'No Fridge', 'No Sofa', 'No Stove', 'No TV', 'No Wardrobe', 'No Washing Machine', 'No Water Purifier']","['Power Back-up', 'Feng Shui / Vaastu Compliant', 'Lift(s)', 'Swimming Pool', 'Park', 'Shopping Centre', 'Fitness Centre / GYM', 'Club house / Community Center', 'Rain Water Harvesting']","[{'': ''}, {'': ''}, {'': ''}, {'': ''}]",,
"3 BHK Flat in Ayodhya Bypass , Bhopal",Agrawal Sagar Landmark,₹40 Lac,"₹3,252 /sqft",Ready To Move,Semi furnished modular kitchen 1 almirah kitchen with chimney,"Super Built up area 1230
(114.27 sq.m.)  
sq.ft.","3 Bedrooms , 2 Bathrooms, 1 Balcony","₹ 40 Lac+ Govt Charges & Tax
@ 3,252 per sq.ft. (All inclusive)","Agrawal Sagar Landmark
Ayodhya Bypass , Bhopal",2nd   of 9 Floors,,5 to 10 Year Old,[],"['Power Back-up', 'Feng Shui / Vaastu Compliant', 'Intercom Facility', 'Lift(s)', 'Swimming Pool', 'Park', 'Shopping Centre', 'Fitness Centre / GYM', 'Club house / Community Center', 'Rain Water Harvesting']","[{'': ''}, {'': ''}, {'': ''}, {'': ''}]",,
"2 BHK Flat in Misrod, Bhopal",Natraj Society,₹22 Lac,"₹3,142 /sqft",Ready To Move,"We are the proud owners of this 2 bhk apartment available in natraj society, misrod, bhopal. This it is a and the unit is located on 2nd floor and has a super built-Up area of 700 sq.Ft. . It has 2 bathroom(s) and 1 balcony(s). The ownership is freehold type.","Super Built up area 700
(65.03 sq.m.)  
sq.ft.","2 Bedrooms , 2 Bathrooms, 1 Balcony","₹ 22 Lac
@ 3,142 per sq.ft.","Natraj Society
Misrod, Bhopal",2nd   of 3 Floors,,1 to 5 Year Old,[],[],"[{'': ''}, {'': ''}, {'': ''}, {'': ''}]",,
"2 BHK Flat in Kotra Sultanabad, Bhopal",Jeevan Vihar,₹42 Lac,"₹3,113 /sqft",Ready To Move,Qqqqqqqqqqqqqqqqqqqqqqqqqqqqqqqqqqqqqqqqqqqqqqqqq,"Built Up area: 1349
(125.33 sq.m.)  
sq.ft.","2 Bedrooms , 2 Bathrooms, No Balcony","₹ 42 Lac
@ 3,113 per sq.ft.","Jeevan Vihar
Kotra Sultanabad, Bhopal",Ground of 8 Floors,,5 to 10 Year Old,[],[],"[{'': ''}, {'': ''}, {'': ''}, {'': ''}]",,
"2 BHK Flat in Nayapura, Bhopal",Shashi Hi Tech City,₹18 Lac,"₹2,643 /sqft",Ready To Move,"Spacious rooms, well maitained society","Carpet area: 681
(63.27 sq.m.)  
sq.ft.","2 Bedrooms , 2 Bathrooms, 2 Balconies","₹ 18 Lac+ Govt Charges & Tax
@ 2,643 per sq.ft. (Negotiable)","Shashi Hi Tech City
Nayapura, Bhopal",1st   of 8 Floors,,1 to 5 Year Old,[],"['Feng Shui / Vaastu Compliant', 'Security / Fire Alarm', 'Maintenance Staff', 'Water Storage', 'Visitor Parking']",[],,
"1 BHK Flat in Ayodhya Bypass , Bhopal",Raj Minal Residency,₹15 Lac,"₹3,260 /sqft",Ready To Move,Best ventilation in the whole building located near minal residencys biggest temple. Clean and a very good view from the balcony. Rental income of 8500 is fixed. The flat is built and located as per the vastu shastra which will make this property very much profitable investment.,"Built Up area: 460
(42.74 sq.m.)
Carpet area: 450 sq.ft. (41.81 sq.m.)  
sq.ft.","1 Bedroom , 1 Bathroom, 1 Balcony","₹ 15 Lac
@ 3,260 per sq.ft. (Negotiable)","Raj Minal Residency
Ayodhya Bypass , Bhopal",3rd   of 4 Floors,"Park/Garden,Main Road",1 to 5 Year Old,"['1 Bed', '2 Fan', '3 Light', 'No AC', 'No Chimney', 'No Curtains', 'No Dining Table', 'No Exhaust Fan', 'No Geyser', 'No Modular Kitchen', 'No Microwave', 'No Fridge', 'No Sofa', 'No Stove', 'No TV', 'No Wardrobe', 'No Washing Machine', 'No Water Purifier']","['Feng Shui / Vaastu Compliant', 'Security / Fire Alarm', 'Maintenance Staff', 'Water Storage', 'Park', 'Visitor Parking']","[{'': ''}, {'': ''}, {'': ''}, {'': ''}, {'': ''}]",East,
"3 BHK Flat in Chuna Bhatti, Bhopal",Soumya Enclave,₹45 Lac,"₹3,600 /sqft",Ready To Move,East facing 3 bhk flat in top locality of chuna bhatti. Lift Separate car parking Spacious bigger rooms Wood work in all bedrooms Electrical fittings lights fans included Split ac in master bedroom,"Super Built up area 1250
(116.13 sq.m.)  
sq.ft.","3 Bedrooms , 2 Bathrooms, 2 Balconies","₹ 45 Lac+ Govt Charges & Tax
@ 3,600 per sq.ft. (All inclusive, Negotiable)","Soumya Enclave
Chuna Bhatti, Bhopal",2nd   of 3 Floors,,10+ Year Old,"['4 Wardrobe', '5 Fan', '10 Light', '1 AC', 'No Bed', 'No Chimney', 'No Curtains', 'No Dining Table', 'No Exhaust Fan', 'No Geyser', 'No Modular Kitchen', 'No Microwave', 'No Fridge', 'No Sofa', 'No Stove', 'No TV', 'No Washing Machine', 'No Water Purifier']","['Lift(s)', 'Maintenance Staff', 'Water Storage', 'Park', 'Visitor Parking']","[{'': ''}, {'': ''}, {'': ''}, {'': ''}]",East,
"2 BHK Flat in Rajharsh Colony, Bhopal",Soumya Evergreen,₹35 Lac,"₹3,500 /sqft",Ready To Move,Prime locatin property with all basic amenities for more details contact us,"Carpet area: 1000
(92.9 sq.m.)  
sq.ft.","2 Bedrooms , 2 Bathrooms, 1 Balcony","₹ 35 Lac
@ 3,500 per sq.ft. (All inclusive, Negotiable)","Soumya Evergreen
Rajharsh Colony, Bhopal",2nd   of 5 Floors,,5 to 10 Year Old,"['1 Wardrobe', '2 Fan', '1 Modular Kitchen', 'No AC', 'No Bed', 'No Chimney', 'No Curtains', 'No Dining Table', 'No Exhaust Fan', 'No Geyser', 'No Light', 'No Microwave', 'No Fridge', 'No Sofa', 'No Stove', 'No TV', 'No Washing Machine', 'No Water Purifier']","['Intercom Facility', 'Lift(s)', 'Park', 'Fitness Centre / GYM', 'Club house / Community Center']","[{'': ''}, {'': ''}, {'': ''}, {'': ''}]",,
"3 BHK Flat in Kohefiza, Bhopal",Ivory-11,₹45 Lac,"₹5,000 /sqft",Ready To Move,Prime location flat for resale at koh-E-Fiza: 3 bhk (Front) 900 sq. Ft. Airy and full of natural light Very well maintained Convenience of 2nd floor Lift facility Dedicated 4 wheel parking space Secured area with cctv Ample supply of borewell water Peaceful and quite residential area.,"Carpet area: 900
(83.61 sq.m.)  
sq.ft.","3 Bedrooms , 2 Bathrooms, 1 Balcony","₹ 45 Lac
@ 5,000 per sq.ft. (Negotiable)","Ivory-11
Kohefiza, Bhopal",2nd   of 5 Floors,,1 to 5 Year Old,"['2 Wardrobe', '2 Fan', '25 Light', '1 Modular Kitchen', 'No AC', 'No Bed', 'No Chimney', 'No Curtains', 'No Dining Table', 'No Exhaust Fan', 'No Geyser', 'No Microwave', 'No Fridge', 'No Sofa', 'No Stove', 'No TV', 'No Washing Machine', 'No Water Purifier']","['Lift(s)', 'Water Storage']","[{'': ''}, {'': ''}, {'': ''}, {'': ''}]",,
"3 BHK Flat in Jatkhedi, Bhopal",Shri Balaji Swastik Grand,₹55 Lac,"₹3,267 /sqft",Ready To Move,Hi i want to sell my flat on 2nd floor it is a furnished flat with all wooden work and modular kitchen. Please check this out if you want to have a good deal.,"Super Built up area 1683
(156.36 sq.m.)
Carpet area: 1643 sq.ft. (152.64 sq.m.)  
sq.ft.","3 Bedrooms , 4 Bathrooms, 1 Balcony with Servant Room","₹ 55 Lac+ Govt Charges & Tax
@ 3,267 per sq.ft. (Negotiable)","Shri Balaji Swastik Grand
Jatkhedi, Bhopal",2nd   of 7 Floors,,5 to 10 Year Old,"['1 Water Purifier', '8 Fan', '1 Fridge', '1 Exhaust Fan', '1 Dining Table', '2 Geyser', '1 Stove', '12 Light', '1 TV', '1 Modular Kitchen', '1 Chimney', '1 Curtains', '4 Bed', '3 Wardrobe', '1 Sofa', 'No AC', 'No Microwave', 'No Washing Machine']","['Power Back-up', 'Lift(s)', 'Water purifier', 'Maintenance Staff', 'Water Storage', 'Bank Attached Property', 'Piped-gas', 'Swimming Pool', 'Park', 'Security Personnel', 'Natural Light', 'Airy Rooms', 'Fitness Centre / GYM', 'Waste Disposal', 'Rain Water Harvesting', 'Club house / Community Center']",[],East,
"2 BHK Flat in Sarvadharam C Sector, Bhopal",Vaibhav apartment,₹12 Lac,"₹2,000 /sqft",Ready To Move,Prime location and best area. It is 2 bedroom apartment mostly for small family.,"Carpet area: 600
(55.74 sq.m.)  
sq.ft.","2 Bedrooms , 2 Bathrooms, No Balcony","₹ 12 Lac
@ 2,000 per sq.ft.","Vaibhav apartment
Sarvadharam C Sector, Bhopal",4th   of 4 Floors,,10+ Year Old,[],[],[],,
"3 BHK Flat in Salaiya, Bhopal",Rudraksh Kasturi,₹55 Lac,"₹3,666 /sqft",Ready To Move,"Rooms spacious,large balcony ,airy rooms ,flat east facing modular kitchen,fans in all rooms tubelights n bathrooms fittings done Society has lifts, children play equipment,pool ,club house temple near n clean society ..Sagar school ,appollo hospital n other amenities banks closeby","Super Built up area 1700
(157.94 sq.m.)
Carpet area: 1500 sq.ft. (139.35 sq.m.)  
sq.ft.","3 Bedrooms , 2 Bathrooms, 2 Balconies","₹ 55 Lac
@ 3,666 per sq.ft. (All inclusive)","Rudraksh Kasturi
Salaiya, Bhopal",1st   of 10 Floors,"Others,Park/Garden",5 to 10 Year Old,[],"['Intercom Facility', 'Lift(s)', 'Swimming Pool', 'Park', 'Fitness Centre / GYM', 'Club house / Community Center', 'Rain Water Harvesting']","[{'': ''}, {'': ''}, {'': ''}, {'': ''}]",East,
"2 BHK Flat in Kotra Sultanabad, Bhopal",Jeevan Vihar,₹42 Lac,"₹3,113 /sqft",Ready To Move,Qqqqqqqqqqqqqqqqqqqqqqqqqqqqqqqqqqqqqqqqqqqqqqqqq,"Built Up area: 1349
(125.33 sq.m.)  
sq.ft.","2 Bedrooms , 2 Bathrooms, No Balcony","₹ 42 Lac
@ 3,113 per sq.ft.","Jeevan Vihar
Kotra Sultanabad, Bhopal",Ground of 8 Floors,,5 to 10 Year Old,[],[],"[{'': ''}, {'': ''}, {'': ''}, {'': ''}]",,
"2 BHK Flat in Mandideep, Bhopal",Singh Gaurav Heights,₹20 Lac,"₹3,333 /sqft",Ready To Move,2bhk spacious and well ventilated flat at prime location of mandideep,"Carpet area: 600
(55.74 sq.m.)  
sq.ft.","2 Bedrooms , 2 Bathrooms, 1 Balcony","₹ 20 Lac
@ 3,333 per sq.ft. (Negotiable)","Singh Gaurav Heights
Mandideep, Bhopal",3rd   of 4 Floors,,1 to 5 Year Old,[],[],"[{'': ''}, {'': ''}, {'': ''}, {'': ''}]",,
"3 BHK Flat in Jatkhedi, Bhopal",Swastik Grand,₹38 Lac,"₹2,000 /sqft",Ready To Move,Best in class property available at jatkhedi location in bhopal,"Super Built up area 1800
(167.23 sq.m.)
Built Up area: 1350 sq.ft. (125.42 sq.m.)  
sq.ft.","3 Bedrooms , 4 Bathrooms, 2 Balconies","₹ 38 Lac
@ 2,000 per sq.ft. (Negotiable)","Swastik Grand
Jatkhedi, Bhopal",6th   of 8 Floors,,5 to 10 Year Old,"['1 Light', 'No AC', 'No Bed', 'No Chimney', 'No Curtains', 'No Dining Table', 'No Exhaust Fan', 'No Fan', 'No Geyser', 'No Modular Kitchen', 'No Microwave', 'No Fridge', 'No Sofa', 'No Stove', 'No TV', 'No Wardrobe', 'No Washing Machine', 'No Water Purifier']",[],[],,
"1 BHK Flat in Nehru Nagar , Bhopal",LIG Flats,₹15 Lac,"₹3,488 /sqft",Ready To Move,Very prime location nehru nagar only 3 km new market 5 km mp nagar to kilometre hotel taj,"Built Up area: 430
(39.95 sq.m.)  
sq.ft.","1 Bedroom , 1 Bathroom, 1 Balcony","₹ 15 Lac
@ 3,488 per sq.ft. (Negotiable)","LIG Flats
Nehru Nagar , Bhopal",1st   of 1 Floors,,10+ Year Old,"['2 Fan', '2 Light', 'No AC', 'No Bed', 'No Chimney', 'No Curtains', 'No Dining Table', 'No Exhaust Fan', 'No Geyser', 'No Modular Kitchen', 'No Microwave', 'No Fridge', 'No Sofa', 'No Stove', 'No TV', 'No Wardrobe', 'No Washing Machine', 'No Water Purifier']",[],"[{'': ''}, {'': ''}, {'': ''}, {'': ''}]",,
"1 BHK Flat in Arera Colony, Bhopal",Sagar Residency,₹15 Lac,"₹3,000 /sqft",Ready To Move,"A 1bhk flat is available for sale at sagar residences, e-6/93, arera colony, bhopal, in a prime location. The flat is located on the 3rd floor and offers a parking facility. It is conveniently situated just 700 meters from the 12 no. Stop market, 600 meters from st. Joseph's co-Ed school, 1 km from campion school, 1 km from asha niketan hospital, and approximately 2.6 km from habibganj railway station. The property is in a well-Maintained society, ensuring a pleasant living environment.","Carpet area: 500
(46.45 sq.m.)  
sq.ft.","1 Bedroom , 1 Bathroom, 1 Balcony","₹ 15 Lac
@ 3,000 per sq.ft.","Sagar Residency
Arera Colony, Bhopal",3rd   of 3 Floors,,10+ Year Old,[],['Water Storage'],"[{'': ''}, {'': ''}, {'': ''}, {'': ''}]",,
"2 BHK Flat in Saket Nagar, Bhopal",shobharam Gaud Apartment,₹22.75 Lac,"₹3,033 /sqft",Ready To Move,"Full of ligh,near aiims hospital, market,shops,atm, school,temple,habib ganj railway station, good luck for the owner regarding job n financial support. Tv rack,crockery shelves,open parking.","Carpet area: 750
(69.68 sq.m.)  
sq.ft.","2 Bedrooms , 1 Bathroom, 1 Balcony","₹ 22.75 Lac+ Govt Charges & Tax
@ 3,033 per sq.ft. (All inclusive, Negotiable)","shobharam Gaud Apartment
Saket Nagar, Bhopal",2nd   of 2 Floors,,10+ Year Old,"['2 Wardrobe', '4 Fan', '1 Sofa', '1 Dining Table', '8 Light', 'No AC', 'No Bed', 'No Chimney', 'No Curtains', 'No Exhaust Fan', 'No Geyser', 'No Modular Kitchen', 'No Microwave', 'No Fridge', 'No Stove', 'No TV', 'No Washing Machine', 'No Water Purifier']",[],"[{'': ''}, {'': ''}, {'': ''}, {'': ''}]",,
"2 BHK Flat in Kolar Road, Bhopal",Samriddhi Apartment,₹35 Lac,"₹4,666 /sqft",Ready To Move,"We are the proud owners of this 2 bhk apartment available in samriddhi apartment, kolar road, bhopal. This it is a and the unit is located on 1st floor and has a super built-Up area of 750 sq.Ft. . It has 2 bathroom(s) and 1 balcony(s). The ownership is freehold type.","Super Built up area 750
(69.68 sq.m.)  
sq.ft.","2 Bedrooms , 2 Bathrooms, 1 Balcony","₹ 35 Lac
@ 4,666 per sq.ft.","Samriddhi Apartment
Kolar Road, Bhopal",1st   of 3 Floors,,5 to 10 Year Old,[],[],"[{'': ''}, {'': ''}, {'': ''}, {'': ''}]",,
"2 BHK Flat in Bairagarh Chichali, Bhopal",Unitech Unihomes,₹22 Lac,"₹2,242 /sqft",Ready To Move,"On main kolar 6 lane with 50 ft wide internal road with clubhouse, lift , garden and cover campus","Super Built up area 981
(91.14 sq.m.)
Carpet area: 740 sq.ft. (68.75 sq.m.)  
sq.ft.","2 Bedrooms , 2 Bathrooms, 3 Balconies","₹ 22 Lac
@ 2,242 per sq.ft. (All inclusive, Negotiable)","Unitech Unihomes
Bairagarh Chichali, Bhopal",5th   of 5 Floors,"Pool,Park/Garden,Club,Main Road",0 to 1 Year Old,[],"['Power Back-up', 'Feng Shui / Vaastu Compliant', 'Intercom Facility', 'Lift(s)', 'Swimming Pool', 'Park', 'Shopping Centre', 'Rain Water Harvesting']","[{'': ''}, {'': ''}, {'': ''}, {'': ''}]",East,
"3 BHK Flat in Saket Nagar, Bhopal",Ishita Paradise,₹28 Lac,"₹2,883 /sqft",Ready To Move,"3 bhk to sell at prime location near to aiims, school, railway and bus station. Road garden facing, 4 wheeler parking. 28 lakhs","Carpet area: 971
(90.21 sq.m.)  
sq.ft.","3 Bedrooms , 2 Bathrooms, 1 Balcony
View Floor Plan","₹ 28 Lac
@ 2,883 per sq.ft. (Negotiable)","Ishita Paradise
Saket Nagar, Bhopal",Ground of 2 Floors,,10+ Year Old,[],['Water Storage'],"[{'': ''}, {'': ''}, {'': ''}, {'': ''}]",South-East,
"2 BHK Flat in Ayodhya Nagar, Bhopal",Siddhartha Enclave,₹16.5 Lac,"₹2,640 /sqft",Ready To Move,"Situated in ayodhya nagar, bhopal, siddhartha enclave is a well planned society that offers a pleasant living experience to its residents. This 2 bhk flat in bhopal is your opportunity to be a part of this community. This property faces the east direction. Constructed on a built up area of 625 sq.Ft., the flat comprises 2 bedroom(s), 2 bathrooms and 1 balcony. This flat is situated on the 3rd floor of this 4 floors tall residential building. Being a ready to move project, you can expect immediate possession of this 10+ years old property. The beautifully designed polished concrete flooring enhances the beauty of the flat. Another plus point for this is that it is situated near close to school, close to hospital, close to market and close to highway. The society is well equipped with many modern amenities, including park and visitor parking. The housing society ensures a continuous supply of water to your flat from borewell/tank.","Built Up area: 625
(58.06 sq.m.)
Carpet area: 504 sq.ft. (46.82 sq.m.)  
sq.ft.","2 Bedrooms , 2 Bathrooms, 1 Balcony","₹ 16.5 Lac+ Govt Charges & Tax
@ 2,640 per sq.ft. (Negotiable)","Siddhartha Enclave
Ayodhya Nagar, Bhopal",3rd   of 4 Floors,"Park/Garden,Main Road",10+ Year Old,[],"['Feng Shui / Vaastu Compliant', 'Water Storage', 'Park', 'Visitor Parking', 'Natural Light', 'Airy Rooms']","[{'': ''}, {'': ''}, {'': ''}, {'': ''}]",East,
"2 BHK Flat in Badwai, Bhopal",Satya Prakash Nice Space,₹25 Lac,"₹3,834 /sqft",Ready To Move,"Colony have community hall, jim, pool, garden. Seperate parking space, gated colony with full time guards.","Carpet area: 652
(60.57 sq.m.)  
sq.ft.","2 Bedrooms , 1 Bathroom, 2 Balconies","₹ 25 Lac
@ 3,834 per sq.ft. (All inclusive, Negotiable)","Satya Prakash Nice Space
Badwai, Bhopal",2nd   of 6 Floors,"Pool,Park/Garden,Club",1 to 5 Year Old,"['1 Bed', '3 Fan', '1 Exhaust Fan', '3 Light', '1 Curtains', 'No AC', 'No Chimney', 'No Dining Table', 'No Geyser', 'No Modular Kitchen', 'No Microwave', 'No Fridge', 'No Sofa', 'No Stove', 'No TV', 'No Wardrobe', 'No Washing Machine', 'No Water Purifier']","['Power Back-up', 'Feng Shui / Vaastu Compliant', 'Security / Fire Alarm', 'Lift(s)', 'Swimming Pool', 'Water Storage', 'Park', 'Shopping Centre', 'Fitness Centre / GYM', 'Club house / Community Center', 'Rain Water Harvesting']",[],South-East,
"3 BHK Flat in Bawadia Kalan, Bhopal",RSR Opel Regency,₹55 Lac,"₹5,467 /sqft",Ready To Move,"Check out this 3 bhk apartment for sale in rsr opel regency, a popular residential project that houses in-Demand flats in bawadia kalan, bhopal. This property faces the north-East direction. Containing 3 bedroom(s), 2 bathrooms and 2 balconies, this flat is spread over a carpet area of 1006 sq.Ft. This flat is situated on the 2nd floor of this 6 floors tall residential building. An added advantage of this 10+ years old flat is that it is available for immediate possession as the project is already ready to move. The granite flooring of this flat is beautifully designed and helps to give it a pleasing look. The society complex is in the close vicinity of close to market, close to school, close to hospital and close to mall, making it an ideal home for a relaxed lifestyle. Rsr opel regency is designed very well to provide modern facilities such as swimming pool, lift(s), security personnel, maintenance staff and club house / community center. The society provides continuous water supply from municipal corporation and borewell/tank.","Carpet area: 1006
(93.46 sq.m.)  
sq.ft.","3 Bedrooms , 2 Bathrooms, 2 Balconies","₹ 55 Lac+ Govt Charges & Tax
@ 5,467 per sq.ft.","RSR Opel Regency
Bawadia Kalan, Bhopal",2nd   of 6 Floors,,10+ Year Old,"['1 Wardrobe', '2 Geyser', '1 Washing Machine', '1 Modular Kitchen', '1 Chimney', 'No AC', 'No Bed', 'No Curtains', 'No Dining Table', 'No Exhaust Fan', 'No Fan', 'No Light', 'No Microwave', 'No Fridge', 'No Sofa', 'No Stove', 'No TV', 'No Water Purifier']","['Power Back-up', 'Lift(s)', 'Swimming Pool', 'Maintenance Staff', 'Water Storage', 'Security Personnel', 'Natural Light', 'Airy Rooms', 'Club house / Community Center', 'Rain Water Harvesting']","[{'': ''}, {'': ''}, {'': ''}, {'': ''}]",North-East,
"4 BHK Flat in Airport Road, Bhopal",Airport City,₹60 Lac,"₹5,000 /sqft",Under Construction,"Ammenities Jewel shankra ,jewel premium, jewel ganesha","Super Built up area 1450
(134.71 sq.m.)
Carpet area: 1200 sq.ft. (111.48 sq.m.)  
sq.ft.","4 Bedrooms , 3 Bathrooms, 1 Balcony with Pooja Room,Study Room,Others
View Floor Plan","₹ 60 Lac
@ 5,000 per sq.ft.","Airport City
Airport Road, Bhopal",Basement of 3 Floors,,,[],"['Power Back-up', 'Intercom Facility', 'Swimming Pool', 'Park', 'Fitness Centre / GYM', 'Club house / Community Center']","[{'': ''}, {'': ''}, {'': ''}, {'': ''}, {'': ''}]",,Within 3 months
"1 BHK Flat in Ayodhya Bypass , Bhopal",Raj Minal Residency,₹25 Lac,"₹5,000 /sqft",Ready To Move,"We are the proud owners of this 1 bhk apartment available in raj minal residency, ayodhya bypass , bhopal. This it is a and the unit is located on 3rd floor and has a super built-Up area of 500 sq.Ft. . It has 1 bathroom(s) and 1 balcony(s). The ownership is freehold type.","Super Built up area 500
(46.45 sq.m.)  
sq.ft.","1 Bedroom , 1 Bathroom, 1 Balcony","₹ 25 Lac
@ 5,000 per sq.ft.","Raj Minal Residency
Ayodhya Bypass , Bhopal",3rd   of 4 Floors,,5 to 10 Year Old,[],[],"[{'': ''}, {'': ''}, {'': ''}, {'': ''}, {'': ''}]",,
"2 BHK Flat in Bagmugaliya, Bhopal",AB Smart City Phase 1,₹35 Lac,"₹5,223 /sqft",Ready To Move,"We are the proud owners of this 2 bhk apartment available in ab smart city phase 1, sector 1, bhopal. This it is a and the unit is located on 2nd floor and has a super built-Up area of 670 sq.Ft. . It has 2 bathroom(s). The ownership is freehold type.","Super Built up area 670
(62.25 sq.m.)  
sq.ft.","2 Bedrooms , 2 Bathrooms, No Balcony","₹ 35 Lac
@ 5,223 per sq.ft.","AB Smart City Phase 1
Bagmugaliya, Bhopal",2nd   of 4 Floors,,5 to 10 Year Old,[],[],"[{'': ''}, {'': ''}, {'': ''}, {'': ''}]",,
"4 BHK Flat in Ayodhya Bypass , Bhopal",Amaltas Westminster,₹55 Lac,"₹2,558 /sqft",Ready To Move,"We are the proud owners of this 4 bhk apartment available in amaltas westminster, ayodhya bypass , bhopal. This unfurnished apartment it is a and the unit is located on 8th floor and has a carpet area of 2150 sq.Ft. . It has 3 bathroom(s) and 3 balcony(s). The ownership is freehold type.","Carpet area: 2150
(199.74 sq.m.)  
sq.ft.","4 Bedrooms , 3 Bathrooms, 3 Balconies","₹ 55 Lac
@ 2,558 per sq.ft.","Amaltas Westminster
Ayodhya Bypass , Bhopal",8th   of 8 Floors,,0 to 1 Year Old    View Construction Status,[],[],"[{'': ''}, {'': ''}, {'': ''}, {'': ''}]",,
"2 BHK Flat in Jahangirabad, Bhopal",Center Point Jinsi Square,₹22 Lac,"₹4,400 /sqft",Ready To Move,On road appartment in very good condition,"Carpet area: 500
(46.45 sq.m.)  
sq.ft.","2 Bedrooms , 2 Bathrooms, 1 Balcony","₹ 22 Lac
@ 4,400 per sq.ft. (Negotiable)","Center Point Jinsi Square
Jahangirabad, Bhopal",3rd   of 4 Floors,Main Road,1 to 5 Year Old,[],"['Lift(s)', 'Maintenance Staff', 'Water Storage']","[{'': ''}, {'': ''}, {'': ''}, {'': ''}]",North,
"2 BHK Flat in Data Colony, Bhopal",Appartment,₹26 Lac,"₹3,466 /sqft",Ready To Move,Newly constructed property having specious & ventilated rooms. Unlock the door to your dream home.,"Carpet area: 750
(69.68 sq.m.)  
sq.ft.","2 Bedrooms , 2 Bathrooms, 1 Balcony","₹ 26 Lac
@ 3,466 per sq.ft. (Negotiable)","Appartment
Data Colony, Bhopal",2nd   of 2 Floors,,0 to 1 Year Old,[],[],"[{'': ''}, {'': ''}, {'': ''}, {'': ''}]",,
"2 BHK Flat in Shahjahanabad, Bhopal",Aamir apprtment,₹25 Lac,"₹4,166 /sqft",Ready To Move,2bhk flat sale karna hai new construction hai 4 wheel parking hai lift hai ready to move hai shahjahabad near by star shadi hall,"Super Built up area 600
(55.74 sq.m.)
Carpet area: 585 sq.ft. (54.35 sq.m.)  
sq.ft.","2 Bedrooms , 2 Bathrooms, 1 Balcony with Servant Room","₹ 25 Lac
@ 4,166 per sq.ft. (Negotiable)","Aamir apprtment
Shahjahanabad, Bhopal",2nd   of 4 Floors,Park/Garden,0 to 1 Year Old,[],"['Lift(s)', 'Water Storage', 'Park']","[{'': ''}, {'': ''}, {'': ''}, {'': ''}]",West,
